time,group,name,note,fwd_mean,fwd_pooled,ldo_pooled,ldo_fold_mean,ldo_auc,ldo_prauc,fwd_folds,d_fwd,p_fwd,d_ldo,p_ldo,ldo_ci
00:03,ref,A x3 (скрининг-референс),,0.7567,0.7597955706984668,0.7848258706467661,0.7793326892004302,0.9397067952705168,0.7963334834763014,"[0.7619, 0.7458, 0.7624]",,,,,
00:04,ref,A x3 другие сиды (оценка шума),,0.7537333333333334,0.7610921501706485,0.7919799498746867,0.7851481970016544,0.939255395407072,0.7962774114811466,"[0.7547, 0.743, 0.7635]",-0.0029666666666666,0.455,0.0071540792279205,0.693,"[-0.0101, 0.0188]"
00:07,ref,ФИНАЛ v1: A+B x5 (текущий сабмит),,0.7725333333333334,0.7663230240549829,0.7845579078455791,0.7895385433034703,0.9400764498492132,0.7961747497558175,"[0.7729, 0.763, 0.7817]",,,,,
00:12,label_noise,cleanlab: drop both,"issues(total,pos) per fold: [(76, 58), (126, 86), (163, 105), (171, 107), (179, 113), (163, 107), (175, 109), (185, 120), (181, 115), (190, 123)]",0.7303333333333333,0.745819397993311,0.7858032378580324,0.7871487302810276,0.9390809909143772,0.781681707957335,"[0.7339, 0.7059, 0.7512]",-0.0263666666666667,0.106,0.0009773672112662,0.246,"[-0.031, 0.0136]"
00:14,label_noise,cleanlab: drop neg,"issues(total,pos) per fold: [(18, 0), (40, 0), (58, 0), (64, 0), (66, 0), (56, 0), (66, 0), (65, 0), (66, 0), (67, 0)]",0.7725333333333334,0.770293609671848,0.7944514501891551,0.7906795360207021,0.9394685443271172,0.7828160470622737,"[0.8, 0.7514, 0.7662]",0.0158333333333333,0.707,0.0096255795423889,0.688,"[-0.0148, 0.0263]"
00:16,label_noise,cleanlab: drop pos,"issues(total,pos) per fold: [(58, 58), (86, 86), (105, 105), (107, 107), (113, 113), (107, 107), (109, 109), (120, 120), (115, 115), (123, 123)]",0.7340666666666666,0.735632183908046,0.7730061349693251,0.772127461884585,0.9377437079049982,0.7929043166809955,"[0.7692, 0.6769, 0.7561]",-0.0226333333333333,0.093,-0.0118197356774409,0.156,"[-0.0353, 0.0081]"
00:17,label_noise,cleanlab: weight both,"issues(total,pos) per fold: [(76, 58), (126, 86), (163, 105), (171, 107), (179, 113), (163, 107), (175, 109), (185, 120), (181, 115), (190, 123)]",0.7719999999999999,0.7689655172413793,0.787765293383271,0.7867606474372452,0.9405515329259964,0.7950377435805066,"[0.796, 0.75, 0.77]",0.0152999999999998,0.63,0.0029394227365048,0.487,"[-0.0225, 0.024]"
00:19,feature_selection,null importance отбор (порог p75),"kept per fold: [25, 30, 33, 33, 34, 33, 34, 31, 33, 35]",0.7700333333333332,0.7606112054329371,0.7787391841779975,0.778277687015773,0.9413437746108968,0.7950664156195363,"[0.7442, 0.8098, 0.7561]",0.0133333333333331,0.544,-0.0060866864687686,0.312,"[-0.0313, 0.0163]"
00:20,feature_selection,null importance отбор (порог p95),"kept per fold: [18, 24, 31, 30, 30, 28, 31, 28, 30, 32]",0.7061999999999999,0.7039370078740157,0.7713936430317848,0.7812487051220484,0.9400129853858202,0.7911472257091103,"[0.6178, 0.7778, 0.723]",-0.0505000000000001,0.053,-0.0134322276149813,0.13,"[-0.0421, 0.0072]"
00:22,features,+ курсор: траектория (18 пр.),55s,0.7762333333333333,0.770293609671848,0.7957124842370744,0.7917635401198291,0.9423414163303724,0.7982696231948607,"[0.7843, 0.7644, 0.78]",0.0195333333333332,0.741,0.0108866135903082,0.67,"[-0.0155, 0.0235]"
00:23,features,+ сессии (10 пр.),43s,0.7631333333333333,0.7585034013605442,0.7924528301886793,0.7947959130955707,0.9412005839385468,0.7974202063792838,"[0.7488, 0.7857, 0.7549]",0.0064333333333332,0.567,0.0076269595419131,0.607,"[-0.0173, 0.0226]"
00:24,features,+ n-граммы событий (83 пр.),60s,0.7496333333333333,0.7529411764705882,0.7838509316770186,0.7864464128082101,0.9397905050614412,0.7941266585474845,"[0.7306, 0.7444, 0.7739]",-0.0070666666666667,0.319,-0.0009749389697475,0.378,"[-0.0254, 0.0151]"
00:25,features,+ UA семейство/версия (8 пр.),,0.7652333333333333,0.764505119453925,0.7855361596009975,0.7820210594580894,0.9398246656410488,0.7963943158982484,"[0.7729, 0.7528, 0.77]",0.0085333333333332,0.677,0.0007102889542314,0.555,"[-0.0132, 0.0166]"
00:33,features,+ MIL: модель на событиях -> агрегаты (5 пр.),211s,0.7737000000000002,0.7865961199294532,0.8259162303664922,0.8121372167369907,0.9413528331671506,0.806664334951055,"[0.708, 0.811, 0.8021]",0.0170000000000001,0.724,0.041090359719726,0.942,"[-0.0013, 0.0613]"
00:44,features,+ MIL v2 (богаче контекст события),234s,0.7761666666666667,0.7654109589041096,0.802547770700637,0.8155262191066087,0.940292763806986,0.8055582051725589,"[0.7892, 0.8012, 0.7381]",0.0194666666666666,0.834,0.0177219000538708,0.828,"[-0.0111, 0.0431]"
00:48,features,+ курсор + сессии + MIL v2,244s,0.7886666666666667,0.7814685314685315,0.8118556701030928,0.8171936539030635,0.9427100886559808,0.8081326352729677,"[0.8, 0.8148, 0.7512]",0.0319666666666667,0.858,0.0270297994563266,0.878,"[-0.0091, 0.0503]"
00:51,features,+ курсор + сессии (без MIL),,0.7481,0.7537942664418212,0.8030495552731893,0.8090837535574613,0.9435018937839532,0.8013246429656778,"[0.7454, 0.7403, 0.7586]",-0.0086,0.625,0.0182236846264232,0.9,"[-0.0033, 0.0361]"
00:55,features,+ курсор + сессии + MIL v1,,0.7780666666666667,0.7783595113438045,0.8278580814717477,0.8045611832105501,0.9441858693507352,0.8085854817547783,"[0.7477, 0.7824, 0.8041]",0.0213666666666666,0.707,0.0430322108249815,0.945,"[-0.0005, 0.0622]"
01:10,models,LGB A | ext+MILv1,51s,0.7780666666666667,0.7783595113438045,0.8278580814717477,0.8045611832105501,0.9441858693507352,0.8085854817547783,"[0.7477, 0.7824, 0.8041]",0.0213666666666666,0.707,0.0430322108249815,0.945,"[-0.0005, 0.0622]"
01:11,models,LGB B | ext+MILv1,75s,0.7613666666666666,0.7865961199294532,0.8160621761658031,0.8093335010964537,0.9441745188706098,0.806627780640556,"[0.724, 0.7528, 0.8073]",0.0046666666666665,0.688,0.031236305519037,0.923,"[-0.0033, 0.0559]"
01:12,models,LGB A | ext+MILv1+v2,54s,0.7934,0.7978533094812165,0.8141935483870968,0.803987913680474,0.9419890057503276,0.8079243865010157,"[0.7583, 0.8199, 0.802]",0.0366999999999999,0.779,0.0293676777403306,0.934,"[-0.0019, 0.0557]"
01:14,models,XGBoost | ext+MILv1,73s,0.7770666666666667,0.7964285714285714,0.815006468305304,0.8179729289668565,0.9435478414006144,0.808389809179806,"[0.7339, 0.7952, 0.8021]",0.0203666666666666,0.605,0.0301805976585378,0.939,"[-0.0022, 0.0591]"
01:17,models,CatBoost | ext+MILv1,210s,0.7569666666666667,0.7676419965576592,0.8102564102564103,0.8080532337386775,0.9433943916404588,0.8073122689651182,"[0.6996, 0.763, 0.8083]",0.0002666666666666,0.528,0.0254305396096441,0.918,"[-0.0046, 0.0543]"
01:19,blend,БЛЕНД lgbA_v1+lgbB_v1 vs финал v1,,0.7653666666666666,0.7824561403508772,0.8235294117647058,0.8096526123207857,0.9443800280444168,0.8082283802955295,"[0.7273, 0.7688, 0.8]",-0.0071666666666667,0.624,0.0389715039191267,0.918,"[-0.0047, 0.0607]"
01:19,blend,БЛЕНД lgbA_v1+lgbA_v12+xgb_v1 vs финал v1,,0.7833,0.7907801418439716,0.8246753246753247,0.8147334611639171,0.9437749601423524,0.8095639972298437,"[0.7442, 0.7952, 0.8105]",0.0107666666666665,0.65,0.0401174168297455,0.939,"[-0.0027, 0.0635]"
01:19,blend,БЛЕНД lgbA_v1+lgbB_v1+lgbA_v12+xgb_v1+cat_v1 vs финал v1,,0.7750666666666666,0.7964285714285714,0.8289473684210527,0.8141622938420127,0.944523764412927,0.8099541254826887,"[0.7273, 0.8, 0.7979]",0.0025333333333331,0.633,0.0443894605754735,0.945,"[-0.0011, 0.061]"
01:20,objective,LGB lambdarank | ext+MILv1,,0.5427666666666666,0.1610196837689577,0.5403087478559176,0.5932905352203416,0.882082645028577,0.70467702144682,"[0.4923, 0.5344, 0.6016]",-0.2353,0.0,-0.28754933361583,0.0,"[-0.3192, -0.2298]"
01:21,objective,LGB rank_xendcg | ext+MILv1,,0.6650333333333333,0.6381766381766382,0.6923076923076923,0.705116166495655,0.9009716993240352,0.7058203520799261,"[0.625, 0.6471, 0.723]",-0.1130333333333334,0.0,-0.1355503891640553,0.0,"[-0.1573, -0.0945]"
01:22,objective,LGB focal gamma=2 | ext+MILv1,,0.7588333333333334,0.7495798319327731,0.7704517704517705,0.7720386982073203,0.9351487043863492,0.7901885802636464,"[0.7385, 0.8012, 0.7368]",-0.0192333333333333,0.117,-0.0574063110199771,0.027,"[-0.0726, -0.0062]"
01:23,objective,LGB scale_pos_weight=4 | ext+MILv1,,0.7649,0.7663230240549829,0.813953488372093,0.8068655324216495,0.9434087980190792,0.8059708743119142,"[0.7373, 0.7543, 0.8031]",-0.0131666666666666,0.328,-0.0139045930996546,0.162,"[-0.0273, 0.0078]"
01:24,features,"LGB A | ext+MILv1 + UA (семейство, версия, TE)",,0.7893333333333333,0.7897526501766784,0.8300395256916996,0.8106272652358301,0.9434287704985306,0.8107706981556716,"[0.7583, 0.8024, 0.8073]",0.0112666666666666,0.66,0.0021814442199519,0.745,"[-0.0088, 0.0207]"
01:32,mil,LGB A | ext + MIL сегменты (8 событий),106s,0.7785333333333334,0.7797202797202797,0.8027989821882952,0.8057283933935643,0.9413060124366336,0.8026785913764025,"[0.7619, 0.7674, 0.8063]",0.0004666666666667,0.555,-0.0250590992834525,0.2,"[-0.0375, 0.0121]"
01:33,mil,LGB A | ext + MIL сегменты + MIL v1,53s,0.8008666666666667,0.7992831541218638,0.8186528497409327,0.8056910179078068,0.9428058037624224,0.8075471585315812,"[0.797, 0.7811, 0.8245]",0.0228,0.784,-0.009205231730815,0.366,"[-0.0194, 0.0159]"
01:42,mil,"LGB A | ext + MIL v1, event-модель x3 сида",525s,0.7847333333333332,0.7978533094812165,0.825065274151436,0.8114897396365555,0.9437893665209732,0.8092522819889153,"[0.7339, 0.8098, 0.8105]",0.0066666666666664,0.582,-0.0027928073203116,0.631,"[-0.0102, 0.0152]"
01:50,mil,"LGB A | ext + MIL v1, большая event-модель",463s,0.7721333333333332,0.7950089126559715,0.813953488372093,0.8109772354169674,0.9429972339753048,0.807205525082876,"[0.7207, 0.8049, 0.7908]",-0.0059333333333334,0.406,-0.0139045930996546,0.338,"[-0.0247, 0.0111]"
06:33,ref,v2 финал (референс),,0.7750666666666666,0.7964285714285714,0.8289473684210527,0.8141622938420127,0.944523764412927,0.8099541254826887,"[0.7273, 0.8, 0.7979]",,,,,
06:42,ref,v2 финал (референс),,0.7750666666666666,0.7964285714285714,0.8289473684210527,0.8141622938420127,0.944523764412927,0.8099541254826887,"[0.7273, 0.8, 0.7979]",,,,,
06:46,mil,LGB A | ext+MILv1 + динамика оценок событий (7),,0.7924333333333333,0.7957371225577264,0.8205461638491548,0.7956194780408365,0.9433768202241108,0.8073590872481824,"[0.7619, 0.8049, 0.8105]",0.0143666666666666,0.567,-0.0073119176225928,0.384,"[-0.0221, 0.0093]"
06:51,platform,(a) раздельные модели desktop / mobile,,0.7696666666666667,0.7810858143607706,0.813953488372093,0.8013741904136846,0.9414418907804416,0.8024086181821799,"[0.7547, 0.787, 0.7673]",-0.0083999999999999,0.344,-0.0139045930996546,0.331,"[-0.0339, 0.0145]"
06:53,nn,(a2) среднее общей и раздельных моделей,,0.7878,0.7879858657243817,0.8300395256916996,0.8143700506540578,0.9442361825366752,0.8093427367624099,"[0.7512, 0.7964, 0.8158]",0.0097333333333332,0.622,0.0021814442199519,0.697,"[-0.0149, 0.0222]"
07:04,platform,(b) MIL: event-модели раздельно по платформе,,0.7822,0.7907801418439716,0.8120978120978121,0.7982698821544468,0.944080659131112,0.8065372879317538,"[0.763, 0.7857, 0.7979]",0.0041333333333333,0.502,-0.0157602693739355,0.117,"[-0.0315, 0.0053]"
07:05,platform,(b2) MIL общий + MIL по платформам,,0.7868333333333334,0.7810858143607706,0.8128205128205128,0.7998284600207276,0.943688303592165,0.8079698197818869,"[0.7547, 0.7778, 0.828]",0.0087666666666667,0.556,-0.0150375686512348,0.154,"[-0.0232, 0.0053]"
07:10,blend,вложенный стекинг LR поверх 5 моделей,,0.7683666666666666,0.7992831541218638,0.8235294117647058,0.8117568999435186,0.9436714961504412,0.8092679636797846,"[0.7273, 0.7917, 0.7861]",-0.0066999999999999,0.502,-0.0054179566563468,0.586,"[-0.0078, 0.0161]"
07:11,weights,"LGB A | веса свежих дней, tau=5 дн.",,0.7779666666666666,0.7597955706984668,0.7974683544303798,0.7931288650663922,0.941026943420476,0.8011975577961028,"[0.7523, 0.7571, 0.8245]",-0.0001000000000001,0.345,-0.0303897270413678,0.086,"[-0.0401, 0.0045]"
07:12,weights,"LGB A | веса свежих дней, tau=10 дн.",,0.7725333333333334,0.7623931623931623,0.8163001293661061,0.8065257903788053,0.9426862963034106,0.8069044416882052,"[0.7419, 0.7674, 0.8083]",-0.0055333333333332,0.479,-0.0115579521056415,0.277,"[-0.0184, 0.0069]"
07:30,nn,attention-MIL NN (одна),,0.5580333333333333,0.5457875457875457,0.6134371957156767,0.6247052158432751,0.9096008472696856,0.705193905047958,"[0.5797, 0.5176, 0.5768]",-0.2170333333333333,0.0,-0.2155101727053759,0.0,"[-0.2613, -0.1547]"
07:30,nn,"v2 + attention-MIL, вес 0.1",,0.7727666666666666,0.7737478411053541,0.8045977011494253,0.7966993429056032,0.9443109429105776,0.8069566090395961,"[0.7306, 0.7719, 0.8158]",-0.0022999999999999,0.326,-0.0243496672716273,0.132,"[-0.0445, 0.007]"
07:30,nn,"v2 + attention-MIL, вес 0.2",,0.7594333333333333,0.7589134125636672,0.8038216560509555,0.796624184555112,0.9431321300660248,0.8013289212929869,"[0.722, 0.75, 0.8063]",-0.0156333333333332,0.213,-0.0251257123700971,0.104,"[-0.0527, 0.0057]"
07:30,nn,"v2 + attention-MIL, вес 0.3",,0.7306666666666666,0.7396351575456053,0.8017789072426937,0.7880048753803793,0.9413366805608184,0.7948917357885692,"[0.6926, 0.7097, 0.7897]",-0.0443999999999999,0.113,-0.0271684611783589,0.056,"[-0.0586, 0.0014]"
